Attersoll,Gail,gattersoll0@foxnews.com,Blue,12/1/2019
Seczyk,Michaeline,mseczyk1@usgs.gov,Yellow,3/4/1998
Minelli,Alister,aminelli2@webs.com,Violet,6/24/1990
Latter,Hanan,hlatter3@skyrock.com,Mauv,10/2/1994
Mansion,Salomone,smansion4@state.gov,Fuscia,2/7/1977
Hastings,Lynnet,lhastings5@fotki.com,Indigo,11/29/2015
Chisholm,Deck,dchisholm6@google.it,Teal,9/20/1980
Torrans,Ralf,rtorrans7@newsvine.com,Purple,7/16/2001
Shalders,Pippy,pshalders8@adobe.com,Turquoise,3/27/1987
Tarte,Sella,starte9@instagram.com,Orange,6/17/2004
Naire,Virginia,vnairea@cloudflare.com,Pink,9/17/2000
Ellerington,Tory,telleringtonb@plala.or.jp,Blue,3/4/2008
Simonel,Cordell,csimonelc@rakuten.co.jp,Blue,5/15/1996
Mayward,Rock,rmaywardd@gmpg.org,Goldenrod,4/11/2020
Pelos,Raimund,rpelose@techcrunch.com,Turquoise,4/1/1994
Tathacott,Chandra,ctathacottf@apache.org,Goldenrod,8/2/2013
Dockerty,Ario,adockertyg@gravatar.com,Fuscia,4/5/1993
Lafee,Cleavland,clafeeh@livejournal.com,Goldenrod,9/30/2017
Zammitt,Horatia,hzammitti@fda.gov,Green,12/28/1977
Cicccitti,Bel,bcicccittij@blinklist.com,Red,11/4/1993
Neesam,Wiley,wneesamk@behance.net,Blue,7/19/2017
Tredger,Leo,ltredgerl@jiathis.com,Yellow,12/9/2014
Iacovo,Leontyne,liacovom@aboutads.info,Fuscia,5/5/2006
Hartright,Lambert,lhartrightn@unc.edu,Turquoise,2/8/2017
Denecamp,Clari,cdenecampo@goodreads.com,Pink,5/25/1993
Troop,Bradney,btroopp@nhs.uk,Khaki,7/10/2014
Odger,Lorie,lodgerq@seesaa.net,Orange,1/8/2002
Morffew,Larine,lmorffewr@rediff.com,Puce,11/22/1975
Fabbro,Jimmie,jfabbros@google.com,Yellow,7/28/1981
Stedell,Walden,wstedellt@marriott.com,Maroon,9/9/1982
Scholfield,Reamonn,rscholfieldu@nih.gov,Red,7/16/1976
Picken,Barbra,bpickenv@ameblo.jp,Green,10/30/2017
Phillimore,Nisse,nphillimorew@shareasale.com,Turquoise,8/22/1978
Bramsen,Allsun,abramsenx@sakura.ne.jp,Puce,7/20/2008
Sorey,Dominique,dsoreyy@bing.com,Crimson,2/22/2019
Storch,Alisha,astorchz@over-blog.com,Khaki,8/28/1992
Haselwood,Lorrayne,lhaselwood10@ucoz.ru,Aquamarine,1/31/2002
Gerrell,Annice,agerrell11@squidoo.com,Turquoise,5/18/2017
Queen,Tally,tqueen12@examiner.com,Green,10/8/2004
Daltry,Emilie,edaltry13@admin.ch,Yellow,4/4/2004
Dury,Igor,idury14@discovery.com,Green,6/21/2014
Lawland,Raddy,rlawland15@census.gov,Yellow,5/26/2020
Haeften,Garwood,gvanhaeften16@nbcnews.com,Indigo,3/21/2001
Trahmel,Emili,etrahmel17@spotify.com,Turquoise,11/30/2019
McCarlie,Forest,fmccarlie18@yahoo.co.jp,Aquamarine,3/12/2019
Kliner,Bathsheba,bkliner19@europa.eu,Yellow,9/13/1998
Yter,Melosa,myter1a@forbes.com,Blue,7/2/1980
Giamelli,Myron,mgiamelli1b@woothemes.com,Teal,6/15/1976
Kinner,Danny,dkinner1c@loc.gov,Puce,10/27/1987
Milbank,Jodie,jmilbank1d@mashable.com,Aquamarine,9/13/1997